Team_Size,Offshore_Ratio,Microservice_Deps,Helm_Template_Lines,Repo_Code_Churn,IDP_API_Calls,GitOps_Auto_Sync,Manual_Kubectl_Count,Deployment_Cycle_Time
4,0.803,4,134.0,148.0,26.0,0,14.0,53.25
8,0.372,14,799.0,314.0,0.0,0,26.0,94.59
6,0.341,10,675.0,348.0,55.0,1,14.0,54.1
3,0.387,10,477.0,136.0,35.0,0,20.0,80.96
13,0.189,9,492.0,275.0,71.0,1,10.0,43.41
8,0.153,1,122.0,5.0,76.0,1,0.0,7.15
12,0.222,9,513.0,380.0,26.0,1,12.0,57.74
7,0.46,4,,158.0,27.0,0,19.0,75.75
13,0.178,13,778.0,279.0,26.0,0,23.0,88.76
11,0.436,6,278.0,267.0,20.0,0,22.0,75.77
9,0.175,1,81.0,35.0,54.0,0,8.0,33.62
8,0.283,12,482.0,332.0,,0,16.0,65.99
9,0.252,4,193.0,290.0,27.0,0,17.0,62.07
6,0.844,12,,290.0,43.0,0,18.0,75.2
7,,9,658.0,274.0,26.0,0,13.0,63.83
11,0.143,7,,174.0,48.0,0,11.0,57.62
7,0.26,11,656.0,176.0,30.0,1,16.0,61.33
8,0.441,7,405.0,263.0,58.0,1,4.0,46.44
10,0.636,1,23.0,62.0,37.0,1,5.0,32.18
10,0.593,1,20.0,,51.0,1,0.0,18.75
5,0.367,16,974.0,475.0,40.0,0,23.0,98.32
3,0.254,21,1261.0,582.0,46.0,0,19.0,99.39
3,,5,329.0,214.0,81.0,1,9.0,31.47
15,0.699,14,909.0,549.0,70.0,1,18.0,73.22
13,0.21,4,200.0,151.0,70.0,0,12.0,53.35
10,,1,161.0,91.0,50.0,1,6.0,27.77
9,0.431,1,20.0,65.0,,0,30.0,81.43
3,0.408,3,291.0,82.0,34.0,1,14.0,41.92
8,0.699,14,803.0,485.0,30.0,0,20.0,86.93
4,0.218,14,737.0,428.0,51.0,1,12.0,67.59
5,0.469,1,20.0,5.0,82.0,1,0.0,5.56
8,0.38,7,492.0,304.0,35.0,1,11.0,62.71
8,0.476,13,674.0,408.0,44.0,0,18.0,85.44
14,0.368,5,247.0,271.0,40.0,0,10.0,50.82
10,0.303,8,601.0,363.0,81.0,1,7.0,36.39
12,0.469,1,20.0,,15.0,1,17.0,61.4
4,0.244,9,542.0,257.0,33.0,0,20.0,77.76
11,0.521,13,780.0,430.0,10.0,0,20.0,91.45
10,0.215,2,69.0,132.0,34.0,1,0.0,22.16
10,0.278,5,255.0,232.0,0.0,1,15.0,56.5
4,0.701,6,357.0,192.0,0.0,0,22.0,85.43
15,0.645,2,,188.0,28.0,0,16.0,64.33
12,0.236,1,20.0,5.0,59.0,1,1.0,13.49
3,0.72,1,,5.0,40.0,0,18.0,53.72
15,0.358,2,182.0,61.0,42.0,0,10.0,53.8
8,,1,92.0,,30.0,0,15.0,55.5
9,0.638,1,69.0,320.0,36.0,0,17.0,59.88
6,0.604,1,113.0,5.0,67.0,1,0.0,10.49
4,,11,554.0,260.0,0.0,0,24.0,88.52
6,0.028,10,557.0,249.0,0.0,0,30.0,92.4
14,0.422,4,286.0,152.0,62.0,0,11.0,49.79
4,0.46,1,20.0,5.0,59.0,1,0.0,9.47
7,0.586,8,560.0,,20.0,0,19.0,73.81
7,,12,689.0,430.0,57.0,0,14.0,67.62
6,0.244,3,232.0,145.0,26.0,0,19.0,61.1
14,0.214,6,338.0,169.0,35.0,1,13.0,51.19
12,0.732,13,736.0,280.0,14.0,0,24.0,90.72
5,0.157,1,,125.0,87.0,1,0.0,8.99
12,,13,939.0,501.0,64.0,1,8.0,56.93
3,0.514,16,935.0,482.0,49.0,0,19.0,81.56
13,0.388,3,147.0,81.0,9.0,0,26.0,73.25
9,0.445,4,272.0,227.0,74.0,1,8.0,31.2
9,0.367,10,519.0,263.0,0.0,0,29.0,97.25
4,0.609,3,94.0,197.0,34.0,0,24.0,66.58
15,0.475,5,242.0,118.0,53.0,1,2.0,27.75
3,0.219,11,815.0,311.0,9.0,1,20.0,72.34
3,0.142,3,58.0,93.0,36.0,0,8.0,33.68
7,0.442,4,259.0,116.0,16.0,0,26.0,78.57
15,0.353,1,20.0,194.0,38.0,0,18.0,58.67
13,0.203,1,128.0,85.0,37.0,0,9.0,42.8
11,0.443,10,628.0,408.0,60.0,1,11.0,55.39
6,0.348,9,571.0,302.0,6.0,0,28.0,89.72
14,0.344,2,54.0,117.0,0.0,0,28.0,98.28
15,0.393,1,125.0,96.0,26.0,0,15.0,54.42
9,0.689,3,131.0,191.0,9.0,0,20.0,76.11
7,0.537,3,279.0,67.0,,0,31.0,87.08
8,0.273,9,480.0,234.0,14.0,0,19.0,70.79
6,0.492,10,773.0,401.0,12.0,0,30.0,113.85
3,0.474,3,196.0,73.0,53.0,1,4.0,25.65
14,0.231,13,695.0,460.0,64.0,0,19.0,79.78
14,0.43,9,670.0,333.0,14.0,0,26.0,90.72
6,0.589,1,20.0,5.0,32.0,0,8.0,37.12
8,0.227,10,616.0,256.0,65.0,1,8.0,46.28
6,0.423,12,602.0,444.0,80.0,0,11.0,73.07
15,0.767,14,762.0,418.0,40.0,0,16.0,85.43
6,0.172,1,20.0,61.0,0.0,0,19.0,57.98
5,0.293,20,1074.0,397.0,96.0,1,16.0,68.95
12,0.297,4,270.0,194.0,20.0,1,17.0,54.21
11,0.319,4,179.0,276.0,44.0,1,5.0,35.14
6,0.145,2,219.0,129.0,65.0,0,12.0,62.79
12,0.401,2,,29.0,32.0,0,16.0,54.28
8,0.238,3,,129.0,21.0,1,15.0,49.56
3,0.347,4,345.0,143.0,56.0,1,0.0,20.24
4,,8,481.0,122.0,12.0,0,19.0,76.45
3,0.676,7,438.0,,19.0,0,15.0,61.5
15,0.263,1,164.0,112.0,39.0,1,5.0,29.3
3,0.45,1,20.0,5.0,34.0,1,2.0,16.99
6,0.229,10,605.0,288.0,42.0,1,7.0,48.84
3,0.364,8,442.0,119.0,0.0,1,12.0,51.28
7,0.279,14,733.0,388.0,19.0,0,22.0,89.07
14,0.3,20,1157.0,554.0,51.0,1,8.0,65.57
3,0.4,1,,84.0,101.0,1,0.0,7.26
13,0.412,1,20.0,,41.0,0,12.0,50.53
3,0.035,14,,437.0,8.0,0,33.0,101.83
8,,11,548.0,151.0,53.0,0,12.0,53.54
15,0.52,12,622.0,502.0,49.0,1,11.0,58.88
10,0.481,14,826.0,435.0,18.0,0,20.0,86.44
14,0.513,2,282.0,207.0,35.0,0,13.0,54.46
13,0.16,11,426.0,265.0,47.0,1,19.0,63.87
9,0.608,1,124.0,53.0,24.0,1,11.0,45.23
9,0.302,9,513.0,279.0,60.0,1,5.0,44.44
10,0.586,5,341.0,247.0,0.0,1,21.0,68.88
4,0.426,6,379.0,125.0,76.0,0,19.0,58.86
6,0.179,1,20.0,10.0,61.0,1,0.0,17.1
4,0.154,1,20.0,52.0,44.0,1,4.0,16.7
3,0.283,8,556.0,191.0,48.0,0,11.0,50.06
5,0.246,16,1063.0,421.0,20.0,0,24.0,101.76
9,,9,461.0,224.0,49.0,0,15.0,59.76
6,0.543,6,283.0,58.0,20.0,0,20.0,75.69
4,0.721,3,174.0,127.0,31.0,1,8.0,39.38
9,0.523,1,20.0,62.0,19.0,0,18.0,59.44
4,0.641,6,364.0,86.0,63.0,0,10.0,45.04
13,0.389,8,385.0,206.0,1.0,0,28.0,89.39
11,0.155,8,513.0,254.0,78.0,1,2.0,29.33
3,0.547,4,280.0,57.0,39.0,0,11.0,44.7
7,0.516,1,186.0,67.0,0.0,0,24.0,73.33
8,0.751,1,202.0,176.0,45.0,1,10.0,38.6
6,0.709,2,20.0,37.0,16.0,0,25.0,70.82
6,0.434,1,20.0,167.0,55.0,1,5.0,26.08
10,,4,336.0,293.0,8.0,0,16.0,69.27
5,0.298,1,20.0,36.0,0.0,0,16.0,53.68
4,0.194,3,141.0,164.0,78.0,1,4.0,14.26
7,0.249,9,605.0,171.0,29.0,0,29.0,87.13
13,0.181,4,85.0,99.0,77.0,1,0.0,11.86
11,0.289,10,568.0,227.0,47.0,1,11.0,49.03
9,0.254,1,30.0,58.0,0.0,0,24.0,66.58
13,,19,1083.0,478.0,11.0,0,29.0,108.19
4,0.763,2,77.0,5.0,0.0,0,25.0,78.73
3,0.599,10,646.0,329.0,0.0,0,21.0,85.96
5,0.423,14,897.0,265.0,23.0,0,21.0,99.09
13,0.132,6,341.0,179.0,78.0,1,5.0,29.94
3,0.882,1,88.0,13.0,4.0,0,19.0,344.71
4,0.129,9,611.0,244.0,22.0,0,23.0,81.26
12,0.317,15,1021.0,416.0,0.0,0,38.0,125.88
15,0.349,6,239.0,159.0,29.0,0,10.0,58.96
6,0.012,2,128.0,123.0,82.0,1,2.0,13.75
4,0.556,2,54.0,148.0,63.0,0,16.0,48.83
11,0.632,10,530.0,352.0,21.0,0,22.0,82.44
9,0.525,5,221.0,,44.0,0,20.0,62.48
10,0.8,3,,96.0,26.0,0,21.0,69.71
15,0.128,9,527.0,271.0,23.0,1,19.0,80.4
7,0.181,2,90.0,5.0,31.0,1,7.0,27.08
3,0.238,1,20.0,46.0,104.0,1,0.0,2.0
7,0.217,2,186.0,153.0,27.0,1,4.0,26.57
8,0.467,13,926.0,336.0,84.0,1,5.0,47.85
13,0.299,6,255.0,344.0,30.0,0,13.0,64.48
7,0.556,1,20.0,40.0,14.0,0,13.0,50.23
8,0.578,7,439.0,209.0,62.0,1,1.0,26.95
9,0.131,1,147.0,9.0,49.0,0,8.0,30.55
7,0.497,6,401.0,184.0,47.0,0,13.0,61.25
7,0.333,1,107.0,61.0,30.0,0,7.0,35.55
10,0.387,4,,181.0,39.0,0,16.0,56.79
7,0.029,15,885.0,411.0,0.0,0,31.0,104.07
7,0.161,5,279.0,60.0,0.0,0,24.0,72.92
13,0.348,1,178.0,197.0,34.0,1,13.0,45.68
7,0.305,10,568.0,269.0,52.0,1,9.0,46.89
15,0.315,9,321.0,285.0,18.0,0,18.0,71.32
7,0.335,12,805.0,348.0,10.0,0,23.0,85.75
7,0.572,1,20.0,137.0,29.0,0,8.0,55.93
12,0.465,3,,71.0,0.0,0,26.0,81.43
12,0.447,4,250.0,42.0,11.0,0,13.0,63.82
13,0.179,9,498.0,188.0,63.0,1,2.0,26.9
7,,15,922.0,327.0,67.0,0,19.0,79.28
12,0.306,7,502.0,147.0,32.0,0,17.0,67.8
14,0.512,1,20.0,5.0,90.0,1,0.0,13.39
15,0.283,11,771.0,338.0,88.0,1,12.0,50.04
12,0.225,3,245.0,285.0,77.0,1,0.0,14.78
10,0.439,13,891.0,268.0,0.0,0,20.0,86.58
8,0.316,2,187.0,142.0,0.0,0,29.0,78.17
10,0.277,1,88.0,47.0,27.0,0,11.0,48.39
4,0.199,6,387.0,165.0,31.0,0,17.0,60.52
8,0.423,1,20.0,5.0,47.0,1,11.0,36.06
10,0.251,15,952.0,539.0,40.0,0,22.0,88.45
5,0.497,5,242.0,298.0,0.0,0,22.0,74.92
11,0.484,7,444.0,246.0,72.0,1,14.0,51.14
13,0.641,12,790.0,303.0,15.0,1,23.0,83.61
14,0.426,6,430.0,171.0,10.0,1,16.0,65.04
11,0.134,4,117.0,169.0,0.0,0,21.0,69.96
13,0.347,10,528.0,185.0,42.0,1,9.0,47.9
3,0.35,8,447.0,227.0,47.0,1,5.0,39.91
4,0.317,14,892.0,410.0,42.0,1,16.0,66.62
6,0.314,5,,295.0,33.0,0,25.0,72.44
11,0.366,4,,184.0,0.0,0,22.0,70.54
6,0.199,4,145.0,140.0,74.0,1,9.0,29.4
10,0.79,4,246.0,5.0,65.0,1,0.0,19.79
13,0.213,5,214.0,135.0,35.0,1,9.0,45.0
8,0.582,6,294.0,35.0,39.0,1,5.0,36.25
10,0.377,8,509.0,378.0,43.0,1,14.0,67.6
4,0.227,5,295.0,300.0,8.0,0,24.0,76.57
14,0.3,14,793.0,409.0,0.0,0,40.0,120.51
5,0.242,7,,356.0,65.0,1,3.0,25.93
15,0.428,10,662.0,363.0,25.0,0,23.0,90.27
5,0.103,14,788.0,292.0,21.0,1,22.0,75.14
10,0.31,15,957.0,314.0,19.0,0,29.0,104.18
12,0.502,1,153.0,116.0,69.0,1,7.0,28.56
4,0.75,7,599.0,84.0,79.0,0,19.0,60.42
13,0.345,3,43.0,185.0,17.0,0,22.0,73.84
13,0.309,9,219.0,113.0,14.0,1,16.0,59.83
13,0.588,12,776.0,299.0,29.0,0,20.0,99.3
9,0.618,1,20.0,5.0,20.0,0,15.0,51.11
9,0.27,10,666.0,303.0,12.0,0,24.0,85.77
9,0.174,10,510.0,260.0,41.0,0,24.0,76.03
3,0.572,8,494.0,177.0,63.0,1,7.0,34.2
4,0.624,11,689.0,307.0,0.0,0,32.0,117.79
5,0.578,4,412.0,130.0,38.0,0,10.0,47.71
8,0.301,7,389.0,363.0,44.0,1,5.0,39.17
8,0.672,13,721.0,357.0,41.0,1,10.0,54.89
7,0.466,13,705.0,259.0,57.0,1,9.0,57.13
7,0.581,1,20.0,61.0,25.0,0,13.0,48.17
5,0.268,3,139.0,44.0,35.0,0,8.0,40.55
3,0.428,1,121.0,116.0,46.0,0,20.0,60.07
7,0.268,6,525.0,189.0,38.0,0,19.0,72.73
5,0.217,8,563.0,381.0,33.0,0,16.0,71.94
15,0.566,1,67.0,176.0,0.0,0,23.0,75.53
10,0.056,6,134.0,143.0,42.0,1,0.0,20.74
7,0.22,4,139.0,109.0,68.0,1,15.0,42.31
8,0.476,7,413.0,108.0,61.0,1,0.0,27.44
6,0.109,10,707.0,432.0,80.0,1,7.0,40.3
14,0.09,8,475.0,214.0,25.0,1,8.0,52.2
10,0.532,5,275.0,34.0,53.0,0,14.0,53.95
12,0.206,4,30.0,157.0,0.0,0,23.0,73.48
12,0.611,8,551.0,275.0,12.0,0,20.0,78.68
14,0.129,7,391.0,229.0,75.0,1,0.0,21.28
9,0.076,1,20.0,5.0,48.0,0,13.0,39.97
6,0.266,11,642.0,294.0,8.0,0,20.0,78.66
7,0.675,12,951.0,398.0,16.0,0,21.0,86.8
15,0.271,11,525.0,296.0,30.0,0,19.0,77.17
9,0.242,9,597.0,260.0,27.0,0,10.0,59.45
9,0.166,10,547.0,300.0,35.0,1,15.0,57.16
7,0.025,10,627.0,279.0,18.0,0,15.0,64.03
15,0.225,9,,195.0,13.0,1,15.0,60.49
15,0.262,1,20.0,94.0,22.0,1,5.0,30.51
9,0.677,14,774.0,329.0,6.0,0,22.0,100.86
4,0.557,4,277.0,164.0,66.0,1,6.0,29.59
11,0.829,1,275.0,34.0,,1,2.0,25.77
8,0.283,12,482.0,332.0,,0,16.0,65.99
6,0.428,1,20.0,53.0,10.0,1,19.0,51.86
7,0.162,17,1095.0,382.0,28.0,0,35.0,109.9
6,0.741,1,74.0,79.0,53.0,1,5.0,31.57
15,0.589,1,126.0,24.0,11.0,0,16.0,266.46
8,0.446,1,22.0,191.0,22.0,0,17.0,64.57
4,0.723,10,609.0,131.0,13.0,0,27.0,96.53
5,0.253,4,228.0,5.0,39.0,0,16.0,50.78
11,0.271,3,350.0,29.0,,1,7.0,37.99
8,0.362,11,,292.0,,1,5.0,48.15
15,0.378,1,20.0,33.0,20.0,1,8.0,32.6
12,0.276,1,20.0,40.0,32.0,0,12.0,43.97
14,,1,20.0,218.0,11.0,0,15.0,62.33
7,0.261,1,20.0,39.0,47.0,1,3.0,19.58
5,0.543,3,225.0,233.0,108.0,1,2.0,14.51
8,0.21,1,143.0,5.0,50.0,1,10.0,43.53
10,0.373,11,556.0,102.0,8.0,0,20.0,75.93
9,0.204,7,299.0,205.0,26.0,1,9.0,41.72
6,,9,591.0,324.0,72.0,1,6.0,41.46
8,0.241,6,275.0,350.0,78.0,1,10.0,33.71
11,0.597,4,50.0,131.0,51.0,1,5.0,28.68
10,0.673,5,205.0,136.0,33.0,0,16.0,60.42
10,0.65,12,583.0,334.0,21.0,0,22.0,83.78
12,0.611,13,727.0,388.0,45.0,0,16.0,74.31
15,0.16,5,397.0,119.0,67.0,0,10.0,42.66
10,0.166,1,20.0,5.0,34.0,1,1.0,21.31
11,0.098,6,374.0,259.0,26.0,0,19.0,67.84
14,0.24,6,480.0,,45.0,1,17.0,59.31
5,0.062,1,141.0,83.0,39.0,1,10.0,30.1
11,0.438,7,378.0,325.0,55.0,0,14.0,64.04
4,0.358,7,349.0,298.0,21.0,0,21.0,70.87
14,,7,441.0,117.0,43.0,1,2.0,44.47
15,0.43,8,,148.0,16.0,0,27.0,91.03
3,0.434,6,,178.0,52.0,1,9.0,34.2
10,0.526,10,417.0,308.0,75.0,1,15.0,55.7
6,0.219,7,610.0,282.0,61.0,0,14.0,59.16
6,0.599,9,,161.0,71.0,1,0.0,28.86
6,,1,70.0,5.0,46.0,0,12.0,48.3
5,0.137,15,935.0,347.0,59.0,1,15.0,57.58
9,0.238,1,20.0,148.0,8.0,0,10.0,48.2
3,0.611,5,401.0,118.0,63.0,1,4.0,32.23
14,0.269,8,418.0,260.0,,0,11.0,60.27
12,0.177,6,189.0,105.0,86.0,1,0.0,16.56
7,0.061,2,20.0,143.0,51.0,0,9.0,33.3
12,0.379,10,554.0,321.0,7.0,1,20.0,73.32
14,0.281,8,441.0,362.0,38.0,0,21.0,77.94
6,0.396,4,94.0,62.0,33.0,1,12.0,47.66
10,0.859,1,91.0,62.0,46.0,1,0.0,19.44
10,0.53,8,454.0,77.0,31.0,0,14.0,62.23
4,0.433,1,20.0,5.0,58.0,1,0.0,12.09
14,0.635,1,,122.0,89.0,0,0.0,19.69
9,0.444,4,234.0,257.0,31.0,0,11.0,54.91
11,0.35,1,102.0,123.0,33.0,0,13.0,57.53
9,0.235,1,96.0,138.0,40.0,0,13.0,51.83
13,0.725,1,20.0,29.0,1.0,0,5.0,46.79
5,0.682,11,624.0,175.0,19.0,0,21.0,81.04
8,,15,983.0,381.0,36.0,1,26.0,87.5
14,0.097,1,182.0,114.0,10.0,1,13.0,45.13
13,0.594,9,601.0,192.0,39.0,0,20.0,73.43
12,0.478,4,218.0,63.0,53.0,1,15.0,57.46
15,0.409,12,661.0,344.0,45.0,0,16.0,70.54
14,0.26,19,1179.0,575.0,19.0,0,32.0,114.68
3,0.672,9,466.0,42.0,17.0,0,17.0,74.87
4,0.307,3,168.0,116.0,77.0,1,6.0,30.63
12,0.887,1,20.0,123.0,17.0,0,5.0,46.59
4,0.286,7,335.0,170.0,15.0,0,15.0,68.28
4,0.854,4,236.0,277.0,30.0,0,14.0,60.24
6,0.137,16,941.0,362.0,49.0,1,14.0,61.8
14,0.611,9,561.0,394.0,75.0,0,14.0,65.18
3,0.473,6,297.0,327.0,2.0,0,16.0,64.26
12,0.471,11,727.0,391.0,37.0,0,21.0,84.48
9,0.33,2,282.0,208.0,10.0,0,21.0,80.19
12,0.323,6,391.0,245.0,79.0,1,8.0,36.05
5,0.271,6,359.0,228.0,45.0,1,7.0,35.02
13,0.219,10,476.0,166.0,8.0,0,18.0,78.8
12,0.025,3,173.0,231.0,26.0,1,7.0,32.27
10,0.376,1,20.0,5.0,17.0,0,16.0,55.31
13,0.247,1,121.0,127.0,13.0,0,10.0,46.73
15,0.216,1,20.0,110.0,2.0,0,17.0,61.37
12,0.328,1,20.0,170.0,17.0,0,14.0,55.79
5,0.267,3,215.0,131.0,0.0,0,12.0,52.29
8,0.246,5,323.0,,49.0,0,4.0,36.84
5,0.336,5,372.0,223.0,36.0,0,12.0,53.56
14,0.514,9,482.0,,78.0,1,5.0,35.46
14,0.573,2,236.0,219.0,39.0,1,8.0,37.6
12,0.585,5,370.0,234.0,1.0,0,27.0,86.49
9,0.285,1,57.0,5.0,42.0,0,15.0,59.73
4,0.75,6,315.0,259.0,30.0,1,12.0,51.84
11,0.196,4,225.0,190.0,,1,7.0,24.73
12,0.242,10,597.0,284.0,68.0,1,7.0,43.09
3,,7,481.0,349.0,58.0,0,8.0,48.13
10,0.129,6,352.0,150.0,42.0,0,16.0,57.78
13,0.429,3,243.0,188.0,34.0,0,16.0,60.61
13,0.143,9,422.0,373.0,46.0,1,8.0,54.34
6,0.555,8,589.0,102.0,4.0,0,28.0,88.65
14,0.28,9,469.0,375.0,11.0,0,27.0,91.4
7,0.352,10,507.0,177.0,37.0,0,15.0,62.97
9,0.735,5,365.0,5.0,77.0,1,0.0,20.04
6,0.661,1,96.0,,66.0,0,6.0,29.07
4,0.38,12,527.0,371.0,58.0,1,4.0,47.38
9,0.614,12,755.0,423.0,102.0,1,2.0,34.58
3,0.364,8,442.0,119.0,0.0,1,12.0,51.28
13,0.512,1,142.0,,55.0,0,12.0,47.61
12,0.498,9,470.0,284.0,33.0,1,6.0,66.19
6,0.596,5,378.0,234.0,35.0,0,22.0,79.95
14,0.566,11,481.0,270.0,39.0,0,12.0,68.39
14,0.655,9,434.0,,59.0,0,12.0,58.77
5,0.379,6,202.0,126.0,24.0,0,17.0,60.12
3,0.308,1,20.0,31.0,64.0,1,2.0,12.51
10,0.336,8,581.0,250.0,0.0,0,36.0,113.77
14,0.38,7,426.0,133.0,57.0,0,11.0,50.25
6,0.364,3,112.0,46.0,32.0,0,18.0,55.33
15,0.453,7,,209.0,31.0,1,19.0,64.44
9,0.217,1,20.0,95.0,119.0,1,0.0,2.97
5,0.535,10,474.0,151.0,50.0,0,15.0,59.06
9,0.1,12,660.0,373.0,0.0,0,36.0,115.52
15,0.556,12,771.0,382.0,0.0,0,40.0,133.41
11,0.177,8,509.0,152.0,37.0,0,22.0,71.7
8,0.271,11,652.0,226.0,0.0,0,20.0,83.87
9,0.159,7,507.0,49.0,65.0,1,2.0,33.85
12,0.608,1,90.0,5.0,59.0,0,12.0,40.26
10,0.662,17,890.0,414.0,49.0,1,24.0,87.68
13,0.315,1,20.0,281.0,41.0,0,5.0,34.31
3,0.648,5,356.0,213.0,32.0,0,20.0,72.36
4,0.459,9,395.0,100.0,32.0,1,18.0,57.9
9,0.304,1,,40.0,57.0,0,16.0,46.83
5,0.618,14,758.0,359.0,64.0,1,12.0,69.41
13,0.306,9,633.0,380.0,52.0,0,19.0,70.58
9,0.669,1,34.0,15.0,39.0,0,5.0,40.22
6,0.327,1,72.0,,55.0,0,8.0,33.42
3,0.276,5,274.0,,34.0,1,16.0,43.74
7,,2,244.0,32.0,0.0,0,26.0,85.97
6,0.31,15,,335.0,5.0,0,22.0,97.07
5,,1,173.0,62.0,76.0,1,4.0,22.77
14,0.593,2,23.0,100.0,30.0,0,8.0,42.05
7,0.469,8,519.0,236.0,0.0,0,23.0,85.81
5,0.374,9,539.0,220.0,59.0,0,18.0,63.76
13,0.374,1,,115.0,53.0,1,9.0,31.93
8,0.503,13,730.0,349.0,67.0,1,11.0,55.24
6,,9,417.0,378.0,13.0,1,15.0,63.74
13,0.658,1,20.0,156.0,29.0,1,14.0,50.0
3,0.547,4,280.0,57.0,39.0,0,11.0,44.7
14,0.161,17,1047.0,565.0,0.0,0,36.0,126.07
3,0.751,7,378.0,130.0,82.0,1,0.0,20.2
12,0.094,1,20.0,5.0,25.0,0,17.0,50.65
9,0.618,9,374.0,269.0,66.0,0,8.0,49.64
3,0.393,2,20.0,32.0,98.0,1,0.0,3.69
6,0.662,6,467.0,235.0,24.0,0,14.0,65.04
5,0.28,8,612.0,300.0,0.0,0,26.0,86.17
12,0.545,1,20.0,,21.0,0,10.0,47.85
13,0.136,7,388.0,187.0,67.0,1,5.0,30.04
3,0.675,1,101.0,73.0,31.0,1,11.0,37.83
3,0.209,3,181.0,207.0,80.0,1,8.0,22.82
3,0.701,11,642.0,180.0,36.0,0,17.0,70.2
15,0.259,1,89.0,237.0,54.0,1,7.0,27.4
9,0.479,3,235.0,114.0,45.0,0,15.0,56.9
12,0.473,9,471.0,302.0,5.0,0,23.0,84.97
8,0.605,6,238.0,93.0,56.0,0,10.0,46.47
13,0.178,9,647.0,295.0,30.0,0,17.0,84.14
10,0.215,2,69.0,132.0,34.0,1,0.0,22.16
4,0.401,5,285.0,136.0,3.0,0,27.0,85.95
10,0.596,1,31.0,67.0,28.0,0,14.0,54.5
13,0.345,12,926.0,397.0,19.0,0,22.0,89.28
15,0.126,11,719.0,312.0,76.0,1,8.0,41.87
6,0.537,3,198.0,68.0,58.0,1,1.0,21.2
15,0.508,12,680.0,370.0,78.0,1,7.0,44.98
3,0.261,7,522.0,177.0,101.0,1,0.0,25.24
8,0.696,2,109.0,195.0,,1,14.0,46.87
4,0.17,1,160.0,,49.0,1,11.0,36.91
12,0.578,1,126.0,148.0,61.0,1,7.0,29.75
12,0.2,2,164.0,141.0,52.0,1,13.0,37.3
15,0.347,10,412.0,311.0,0.0,0,15.0,92.08
6,0.316,3,144.0,124.0,0.0,0,28.0,89.69
5,0.313,5,377.0,109.0,18.0,0,9.0,62.18
11,0.604,1,146.0,148.0,57.0,0,8.0,37.2
7,0.266,4,156.0,154.0,71.0,1,0.0,17.68
8,0.516,3,89.0,135.0,48.0,0,10.0,49.93
8,0.188,9,644.0,280.0,45.0,1,14.0,55.68
6,0.116,11,734.0,352.0,32.0,0,16.0,68.7
13,0.425,16,861.0,400.0,98.0,1,0.0,41.18
14,0.237,12,682.0,306.0,54.0,0,18.0,73.85
4,0.287,1,20.0,103.0,51.0,0,8.0,38.02
9,0.278,2,134.0,102.0,16.0,0,17.0,60.59
8,0.518,13,788.0,,68.0,1,2.0,40.15
6,0.44,2,314.0,108.0,27.0,0,17.0,61.05
9,0.177,8,383.0,256.0,39.0,0,16.0,60.92
12,0.425,6,351.0,263.0,40.0,0,13.0,57.49
6,0.458,10,607.0,,0.0,0,33.0,106.86
7,0.458,12,630.0,319.0,3.0,0,31.0,103.81
7,0.665,7,472.0,158.0,105.0,1,1.0,24.66
8,0.268,3,67.0,20.0,76.0,1,0.0,10.6
12,0.183,3,,92.0,79.0,1,1.0,13.46
9,0.617,16,771.0,326.0,17.0,0,15.0,81.63
11,0.688,5,315.0,102.0,35.0,1,10.0,46.78
3,0.414,11,654.0,374.0,35.0,1,14.0,59.56
6,0.713,15,803.0,439.0,45.0,0,20.0,86.82
10,0.438,8,501.0,,35.0,0,15.0,64.65
3,0.514,6,361.0,153.0,69.0,1,2.0,26.82
7,0.486,2,195.0,125.0,27.0,0,16.0,68.44
9,0.198,4,377.0,108.0,88.0,0,10.0,45.26
12,0.381,12,701.0,337.0,10.0,0,25.0,91.66
9,0.652,5,355.0,192.0,21.0,1,23.0,66.29
10,0.339,1,124.0,124.0,24.0,1,9.0,33.1
14,0.357,5,380.0,306.0,22.0,1,18.0,63.54
12,0.873,14,790.0,279.0,89.0,1,9.0,50.21
5,0.207,10,629.0,378.0,11.0,0,30.0,99.39
15,0.508,11,632.0,450.0,47.0,1,16.0,439.89
5,0.81,6,346.0,255.0,24.0,1,13.0,51.77
15,0.447,3,195.0,165.0,11.0,1,17.0,54.38
4,0.278,7,589.0,117.0,64.0,0,0.0,26.19
10,0.336,14,956.0,355.0,38.0,0,15.0,76.22
9,0.236,4,160.0,142.0,76.0,0,2.0,32.94
4,0.219,1,20.0,91.0,57.0,0,5.0,30.45
11,0.134,1,20.0,,44.0,0,8.0,37.7
6,0.175,1,20.0,5.0,0.0,0,16.0,53.12
15,0.36,1,240.0,199.0,46.0,0,12.0,53.58
10,0.61,11,695.0,226.0,29.0,0,21.0,78.0
7,0.383,4,240.0,117.0,76.0,1,0.0,18.79
12,0.561,4,120.0,110.0,46.0,1,5.0,37.42
7,0.105,18,906.0,407.0,,1,21.0,80.8
4,0.322,5,,275.0,10.0,0,25.0,77.15
15,0.581,1,84.0,5.0,74.0,1,0.0,13.93
12,,5,473.0,139.0,53.0,1,5.0,42.66
10,0.3,10,622.0,148.0,104.0,1,0.0,25.42
11,0.334,6,403.0,208.0,0.0,0,24.0,82.09
3,0.244,7,492.0,115.0,27.0,1,14.0,47.76
7,0.753,2,231.0,136.0,14.0,1,16.0,57.04
12,0.193,20,1122.0,586.0,,0,19.0,98.38
13,0.576,3,283.0,215.0,17.0,0,23.0,76.82
7,0.223,9,528.0,,0.0,0,23.0,408.56
3,0.196,6,396.0,139.0,12.0,0,12.0,436.75
4,0.354,19,1177.0,389.0,52.0,1,10.0,72.53
15,0.402,3,68.0,228.0,0.0,0,29.0,88.53
12,0.55,6,339.0,223.0,12.0,0,17.0,70.7
4,0.637,1,20.0,67.0,29.0,1,10.0,40.56
12,0.512,6,432.0,239.0,0.0,0,30.0,90.8
8,0.262,10,,215.0,44.0,1,11.0,54.44
9,0.367,1,20.0,5.0,33.0,0,13.0,46.89
10,0.28,1,20.0,145.0,13.0,0,19.0,62.92
6,0.367,4,267.0,179.0,37.0,1,9.0,38.88
10,0.317,15,,293.0,68.0,1,8.0,55.44
7,0.214,13,726.0,283.0,44.0,0,23.0,93.18
13,0.302,1,126.0,114.0,33.0,0,12.0,46.48
7,0.506,1,20.0,106.0,54.0,1,11.0,30.68
4,0.617,5,266.0,12.0,68.0,1,0.0,18.32
5,0.113,13,586.0,421.0,39.0,0,20.0,73.81
9,0.683,6,450.0,162.0,,0,17.0,67.43
6,0.535,2,141.0,152.0,46.0,1,8.0,33.99
11,0.521,13,780.0,430.0,10.0,0,20.0,91.45
14,0.346,7,514.0,316.0,0.0,0,22.0,84.39
14,0.474,6,,195.0,34.0,0,20.0,68.88
6,0.359,1,173.0,48.0,47.0,1,0.0,23.39
14,0.289,2,194.0,109.0,4.0,0,15.0,60.8
13,0.356,6,226.0,261.0,18.0,0,13.0,59.43
3,0.897,1,90.0,124.0,19.0,0,12.0,54.93
15,0.459,6,574.0,272.0,84.0,1,7.0,37.47
10,0.197,6,405.0,223.0,80.0,1,10.0,43.72
6,0.334,5,275.0,51.0,55.0,1,4.0,24.09
9,0.58,8,492.0,417.0,36.0,0,22.0,78.79
12,0.422,5,208.0,168.0,57.0,1,5.0,29.9
4,0.357,1,180.0,122.0,60.0,1,4.0,24.84
4,0.445,7,319.0,314.0,104.0,1,0.0,26.34
6,0.538,9,554.0,437.0,80.0,1,1.0,30.31
15,0.457,1,20.0,14.0,0.0,0,16.0,58.49
4,0.385,6,465.0,244.0,102.0,0,6.0,32.54
11,0.606,2,140.0,97.0,57.0,1,3.0,23.57
8,0.462,4,334.0,145.0,75.0,1,0.0,26.45
7,0.09,11,679.0,357.0,56.0,1,17.0,60.75
5,0.27,2,185.0,254.0,44.0,0,17.0,57.1
11,0.069,1,91.0,210.0,75.0,1,1.0,10.57
13,0.725,3,140.0,119.0,14.0,0,17.0,66.14
14,0.238,8,519.0,312.0,61.0,1,6.0,42.3
4,0.462,7,395.0,166.0,53.0,1,5.0,41.99
14,0.228,1,150.0,5.0,74.0,1,0.0,8.56
8,0.622,6,114.0,205.0,2.0,0,19.0,73.55
4,0.524,1,120.0,5.0,47.0,1,8.0,27.77
9,0.159,17,973.0,472.0,48.0,1,21.0,87.56
3,0.328,13,837.0,270.0,30.0,1,11.0,58.78
7,0.654,6,522.0,189.0,55.0,0,11.0,50.76
9,0.281,7,360.0,277.0,44.0,0,10.0,53.78
4,0.462,7,426.0,193.0,25.0,1,11.0,45.97
7,0.232,3,20.0,296.0,0.0,0,27.0,78.16
4,0.615,11,535.0,289.0,47.0,0,11.0,58.65
7,0.505,11,564.0,,28.0,1,16.0,61.98
11,0.526,3,300.0,272.0,57.0,0,14.0,53.05
6,0.208,6,511.0,105.0,9.0,0,23.0,81.91
14,,1,20.0,,19.0,1,8.0,37.05
12,0.364,7,414.0,253.0,5.0,1,15.0,65.26
6,0.492,6,88.0,99.0,62.0,0,16.0,50.07
10,0.412,10,613.0,293.0,0.0,0,27.0,93.71
4,0.289,7,513.0,187.0,13.0,0,18.0,77.62
10,0.184,12,604.0,305.0,0.0,0,27.0,92.23
14,0.166,2,209.0,185.0,63.0,0,18.0,51.9
15,0.653,1,176.0,62.0,31.0,0,14.0,56.13
5,0.793,10,614.0,260.0,109.0,1,3.0,26.39
9,0.315,13,587.0,308.0,68.0,0,15.0,68.36
6,0.805,4,176.0,62.0,46.0,0,5.0,40.11
6,0.413,4,331.0,132.0,65.0,1,13.0,36.1
13,0.157,10,658.0,319.0,40.0,1,13.0,62.23
3,0.184,4,285.0,163.0,20.0,0,21.0,71.56
11,0.444,9,579.0,261.0,14.0,1,8.0,52.99
4,0.356,12,679.0,265.0,82.0,1,5.0,36.47
4,0.351,9,550.0,338.0,80.0,1,0.0,25.35
12,0.278,1,104.0,187.0,55.0,1,5.0,27.29
13,0.457,9,480.0,251.0,97.0,0,12.0,52.78
14,0.54,1,,5.0,57.0,1,3.0,25.92
5,0.682,11,624.0,175.0,19.0,0,21.0,81.04
15,0.451,5,209.0,289.0,39.0,0,14.0,58.42
15,0.302,7,394.0,329.0,47.0,1,8.0,53.92
7,0.407,6,535.0,85.0,,0,7.0,40.75
14,0.42,3,308.0,343.0,0.0,0,24.0,85.18
3,0.43,3,180.0,123.0,47.0,1,0.0,32.72
9,0.352,8,599.0,471.0,68.0,1,21.0,65.23
14,0.726,9,513.0,314.0,68.0,1,5.0,40.98
5,0.369,8,479.0,290.0,13.0,0,27.0,91.72
6,0.43,7,303.0,153.0,0.0,0,29.0,86.98
14,0.374,15,823.0,373.0,43.0,1,13.0,70.95
6,0.498,1,24.0,181.0,24.0,1,4.0,26.23
11,0.745,1,246.0,254.0,51.0,0,16.0,62.21
11,0.103,8,396.0,256.0,71.0,1,11.0,40.58
11,0.717,5,169.0,347.0,65.0,0,10.0,55.55
15,0.548,10,579.0,388.0,29.0,1,20.0,76.18
7,0.419,11,756.0,443.0,35.0,1,17.0,285.38
12,0.512,5,158.0,174.0,105.0,1,0.0,18.92
5,0.288,2,28.0,62.0,15.0,0,21.0,59.96
15,0.249,22,1206.0,586.0,51.0,1,21.0,88.68
3,0.556,1,20.0,34.0,92.0,1,0.0,4.55
8,0.44,5,308.0,180.0,19.0,1,11.0,50.84
12,0.398,12,666.0,341.0,91.0,1,5.0,44.45
3,0.055,7,305.0,218.0,52.0,1,6.0,34.96
9,0.269,3,,71.0,46.0,0,19.0,55.51
4,0.599,10,536.0,163.0,87.0,1,10.0,37.28
6,0.432,5,451.0,184.0,64.0,1,3.0,29.66
10,0.439,1,50.0,189.0,30.0,0,8.0,41.43
6,0.661,4,,247.0,66.0,0,17.0,56.67
11,0.077,11,783.0,304.0,54.0,1,11.0,48.83
4,0.661,5,236.0,125.0,36.0,1,4.0,28.59
7,0.478,1,256.0,133.0,63.0,1,9.0,33.44
12,0.694,5,393.0,236.0,,0,24.0,83.28
8,0.42,9,663.0,256.0,44.0,0,11.0,64.53
7,0.155,7,416.0,137.0,0.0,0,26.0,78.28
10,0.34,1,20.0,5.0,0.0,1,11.0,40.12
9,0.228,7,405.0,274.0,9.0,1,9.0,48.83
8,0.806,2,257.0,220.0,2.0,0,22.0,76.32
9,,2,246.0,83.0,72.0,0,11.0,54.88
4,0.612,11,520.0,362.0,25.0,1,19.0,70.05
7,0.778,7,385.0,102.0,77.0,1,9.0,38.26
10,0.648,3,278.0,167.0,8.0,0,29.0,86.18
10,0.475,2,157.0,110.0,53.0,0,6.0,33.19
15,0.193,4,120.0,145.0,0.0,0,33.0,89.3
8,0.143,9,526.0,336.0,60.0,1,11.0,52.25
5,0.439,14,660.0,360.0,3.0,0,27.0,93.97
10,0.231,11,786.0,434.0,0.0,1,21.0,81.92
10,,4,226.0,138.0,66.0,1,6.0,28.3
15,0.228,3,294.0,264.0,15.0,0,28.0,85.12
8,0.833,1,20.0,5.0,70.0,0,13.0,48.88
10,,1,20.0,55.0,16.0,1,10.0,34.84
3,0.153,9,642.0,309.0,40.0,1,12.0,47.9
11,0.465,1,20.0,277.0,44.0,1,3.0,190.74
7,,8,403.0,163.0,54.0,1,9.0,43.14
7,0.374,7,356.0,220.0,44.0,1,8.0,39.09
6,0.799,10,463.0,306.0,54.0,1,11.0,63.42
4,0.502,7,502.0,216.0,,0,13.0,61.44
9,0.582,11,602.0,310.0,0.0,1,23.0,92.11
12,0.617,19,1062.0,476.0,74.0,0,14.0,75.94
13,0.222,4,20.0,163.0,24.0,0,17.0,58.88
7,0.091,1,20.0,27.0,46.0,0,17.0,44.45
7,0.227,14,680.0,308.0,35.0,0,20.0,79.86
9,0.408,8,568.0,315.0,36.0,1,9.0,47.11
4,,10,544.0,240.0,52.0,1,12.0,49.66
15,0.667,7,428.0,402.0,58.0,1,16.0,72.81
9,0.134,19,1024.0,457.0,93.0,1,4.0,47.1
13,0.473,6,370.0,178.0,21.0,0,13.0,59.17
14,0.534,2,162.0,201.0,9.0,0,21.0,72.74
3,0.602,8,619.0,155.0,37.0,1,19.0,61.69
13,0.291,11,648.0,411.0,0.0,0,15.0,75.15
13,0.232,1,173.0,108.0,0.0,0,20.0,63.83
3,0.14,15,866.0,317.0,36.0,0,19.0,82.6
10,0.182,1,20.0,142.0,108.0,1,0.0,7.18
9,0.52,7,495.0,245.0,33.0,0,17.0,65.47
7,0.406,2,273.0,170.0,33.0,1,2.0,31.04
7,0.516,1,186.0,67.0,0.0,0,24.0,73.33
9,0.611,1,201.0,26.0,84.0,1,5.0,20.39
9,0.395,4,480.0,241.0,86.0,1,1.0,24.42
15,0.436,2,384.0,246.0,2.0,0,18.0,77.66
3,0.512,1,140.0,5.0,61.0,1,1.0,12.08
5,0.572,10,687.0,410.0,73.0,1,5.0,45.91
12,0.589,11,687.0,364.0,65.0,0,13.0,62.8
5,0.71,11,545.0,279.0,,0,32.0,107.54
4,0.752,10,619.0,249.0,17.0,0,27.0,92.33
15,0.699,7,319.0,299.0,73.0,0,11.0,57.64
14,0.5,12,532.0,369.0,4.0,0,28.0,104.78
7,0.726,1,49.0,95.0,48.0,0,5.0,36.01
13,0.466,14,842.0,,24.0,1,16.0,71.82
9,0.311,9,526.0,,43.0,1,4.0,38.09
10,0.439,1,20.0,5.0,22.0,0,14.0,51.76
11,0.512,10,641.0,411.0,50.0,1,9.0,52.06
13,0.17,8,369.0,290.0,29.0,1,1.0,38.28
9,0.414,12,690.0,,24.0,1,15.0,69.38
5,0.301,8,456.0,207.0,72.0,0,8.0,38.85
6,0.221,10,455.0,212.0,49.0,1,16.0,53.11
3,0.611,7,536.0,132.0,,0,32.0,94.44
5,0.349,7,417.0,150.0,24.0,1,12.0,49.17
4,0.583,1,146.0,95.0,,0,34.0,91.37
3,0.628,8,320.0,134.0,30.0,0,21.0,69.22
10,,1,50.0,172.0,18.0,0,15.0,54.89
3,0.086,3,164.0,123.0,52.0,1,11.0,30.58
4,0.617,3,184.0,25.0,22.0,1,12.0,43.67
14,0.094,9,578.0,199.0,76.0,1,14.0,48.08
8,0.484,13,653.0,287.0,30.0,1,14.0,68.15
11,0.486,3,165.0,185.0,8.0,0,20.0,72.22
5,0.7,6,324.0,183.0,49.0,1,6.0,34.69
11,0.686,5,290.0,101.0,0.0,0,34.0,93.95
11,0.476,3,147.0,321.0,14.0,0,16.0,61.76
5,0.265,11,528.0,,,0,20.0,70.79
4,,2,55.0,5.0,72.0,1,0.0,13.58
5,0.34,2,78.0,165.0,25.0,1,12.0,40.46
5,0.031,5,258.0,144.0,36.0,1,12.0,38.99
12,0.455,1,20.0,5.0,52.0,0,11.0,40.14
4,0.678,8,476.0,170.0,19.0,0,21.0,73.18
14,0.466,16,903.0,511.0,78.0,0,22.0,92.12
8,0.598,7,482.0,307.0,54.0,0,15.0,63.04
13,0.057,11,,236.0,37.0,1,12.0,64.47
15,0.32,15,754.0,469.0,18.0,1,15.0,74.0
5,0.422,1,74.0,5.0,66.0,1,5.0,26.14
13,0.203,1,128.0,85.0,37.0,0,9.0,42.8
11,0.129,8,366.0,140.0,73.0,1,4.0,26.32
9,0.574,1,27.0,70.0,12.0,0,17.0,70.98
13,0.463,5,333.0,237.0,0.0,0,19.0,76.54
12,0.39,6,284.0,226.0,32.0,1,12.0,56.9
15,0.183,21,1142.0,479.0,38.0,1,16.0,81.17
14,0.3,4,,293.0,41.0,0,16.0,60.61
3,0.753,10,511.0,212.0,52.0,1,11.0,47.54
9,0.576,3,214.0,133.0,17.0,1,15.0,56.34
15,0.388,14,761.0,459.0,45.0,0,23.0,103.98
12,0.255,10,543.0,276.0,0.0,0,21.0,84.79
10,0.588,1,174.0,139.0,0.0,0,26.0,78.67
15,0.188,9,639.0,326.0,52.0,0,20.0,71.86
4,0.58,3,154.0,105.0,59.0,1,5.0,22.8
10,0.23,5,296.0,181.0,17.0,0,14.0,64.6
8,0.389,2,208.0,275.0,109.0,1,0.0,13.75
6,0.411,1,57.0,82.0,64.0,0,8.0,35.48
6,0.015,2,62.0,78.0,45.0,1,17.0,41.86
6,0.667,7,512.0,120.0,12.0,0,18.0,71.3
13,0.185,1,,76.0,,1,12.0,37.52
14,0.534,10,684.0,231.0,61.0,1,11.0,54.66
12,0.454,4,412.0,222.0,6.0,0,15.0,64.92
12,0.784,11,638.0,422.0,107.0,1,8.0,47.73
13,0.587,4,187.0,237.0,37.0,0,17.0,62.51
11,0.339,1,73.0,85.0,26.0,1,9.0,38.66
3,0.205,8,205.0,149.0,58.0,0,9.0,44.09
15,0.71,14,831.0,340.0,37.0,0,22.0,99.14
9,0.426,10,531.0,231.0,77.0,1,4.0,32.35
6,0.263,3,102.0,197.0,42.0,1,4.0,26.62
3,0.324,3,,232.0,61.0,0,9.0,38.51
4,0.269,8,453.0,294.0,94.0,1,0.0,18.66
10,0.735,2,221.0,127.0,35.0,1,4.0,28.76
9,0.284,4,298.0,49.0,53.0,1,5.0,30.8
5,0.46,4,381.0,120.0,87.0,1,3.0,116.12
10,0.11,6,311.0,,41.0,1,16.0,54.33
10,0.424,7,491.0,336.0,40.0,0,1.0,43.73
14,,1,20.0,76.0,57.0,1,8.0,28.17
3,0.48,4,,154.0,21.0,1,18.0,52.36
3,,3,204.0,109.0,93.0,1,0.0,6.01
7,0.654,5,383.0,127.0,51.0,0,9.0,46.02
9,0.621,6,350.0,84.0,24.0,0,18.0,68.73
14,0.043,1,115.0,14.0,,0,20.0,70.79
9,0.296,6,399.0,262.0,,1,5.0,32.65
13,0.728,7,509.0,319.0,0.0,0,15.0,77.22
3,0.546,7,356.0,200.0,48.0,0,19.0,60.74
6,0.099,1,61.0,72.0,46.0,1,9.0,28.7
10,0.612,5,412.0,69.0,16.0,0,15.0,63.41
4,0.056,5,161.0,260.0,51.0,1,8.0,35.88
15,0.657,4,299.0,194.0,61.0,1,9.0,48.99
11,0.134,3,295.0,332.0,33.0,0,24.0,81.35
3,0.246,7,568.0,118.0,38.0,0,19.0,61.75
12,0.441,7,383.0,270.0,24.0,0,20.0,70.59
7,0.235,6,400.0,200.0,38.0,0,15.0,54.41
7,0.581,1,20.0,5.0,58.0,1,0.0,12.02
10,0.458,1,20.0,5.0,47.0,0,5.0,31.29
8,0.349,9,583.0,,44.0,1,9.0,50.99
3,0.507,7,434.0,246.0,19.0,1,12.0,50.71
12,0.397,13,,296.0,46.0,0,14.0,88.1
5,0.755,11,521.0,249.0,46.0,1,14.0,54.91
6,0.838,1,38.0,102.0,37.0,0,3.0,39.23
6,0.396,7,292.0,133.0,29.0,0,17.0,60.89
11,0.32,8,459.0,321.0,85.0,1,4.0,31.9
13,0.546,1,180.0,,16.0,0,15.0,58.43
3,0.489,8,503.0,101.0,24.0,0,17.0,65.5
9,0.627,10,570.0,222.0,48.0,1,14.0,71.64
10,0.411,1,20.0,5.0,0.0,0,22.0,63.94
5,0.404,5,211.0,194.0,75.0,1,7.0,25.63
8,0.321,7,408.0,352.0,35.0,1,19.0,76.15
7,0.733,13,682.0,381.0,67.0,0,15.0,68.11
9,0.503,8,460.0,144.0,54.0,1,7.0,39.81
8,0.175,2,75.0,175.0,0.0,0,21.0,65.76
12,0.77,2,65.0,157.0,20.0,0,13.0,56.97
7,0.302,4,477.0,,12.0,0,19.0,78.94
8,0.328,6,372.0,174.0,0.0,0,27.0,86.51
5,0.318,6,413.0,70.0,9.0,1,18.0,54.19
12,0.87,10,632.0,316.0,29.0,0,18.0,84.12
4,0.517,6,393.0,182.0,60.0,1,7.0,32.85
14,0.794,1,20.0,91.0,36.0,0,7.0,46.39
5,0.154,1,32.0,40.0,6.0,0,27.0,66.21
14,0.535,1,125.0,5.0,60.0,0,6.0,31.68
12,0.285,10,549.0,310.0,28.0,1,14.0,62.04
10,0.125,8,470.0,135.0,61.0,1,0.0,19.68
15,0.51,6,371.0,130.0,39.0,0,13.0,61.46
8,0.23,5,386.0,162.0,65.0,1,6.0,29.87
15,0.522,16,929.0,368.0,14.0,0,35.0,120.96
10,0.467,6,252.0,254.0,73.0,0,0.0,39.97
11,,11,497.0,,36.0,0,14.0,73.24
9,0.115,6,465.0,260.0,16.0,1,11.0,55.79
15,0.689,2,20.0,214.0,0.0,0,21.0,77.41
13,0.048,2,83.0,146.0,70.0,1,5.0,21.86
11,0.175,11,750.0,334.0,0.0,0,20.0,86.38
3,0.489,10,362.0,259.0,40.0,0,14.0,59.81
12,0.17,4,349.0,239.0,26.0,0,15.0,60.03
15,0.758,2,20.0,50.0,70.0,1,7.0,27.68
15,0.246,8,568.0,394.0,62.0,1,2.0,45.34
3,0.303,8,,141.0,27.0,1,13.0,52.86
12,0.604,8,373.0,376.0,52.0,0,17.0,70.9
6,0.274,7,452.0,221.0,75.0,0,10.0,49.83
8,0.364,14,891.0,484.0,35.0,1,12.0,421.35
4,0.54,6,272.0,244.0,58.0,0,13.0,59.04
5,0.463,1,20.0,44.0,33.0,0,8.0,47.0
7,0.725,3,183.0,124.0,30.0,0,21.0,70.96
10,0.446,8,301.0,238.0,0.0,0,16.0,74.36
9,0.598,7,537.0,196.0,0.0,0,20.0,76.04
7,0.647,11,648.0,199.0,96.0,1,0.0,104.4
4,0.206,5,,204.0,43.0,1,8.0,40.63
14,0.046,9,416.0,302.0,12.0,0,25.0,90.84
11,0.104,14,742.0,430.0,5.0,0,21.0,92.88
13,0.66,12,644.0,329.0,51.0,0,12.0,66.01
3,0.314,6,,158.0,51.0,0,12.0,57.33
6,0.386,13,,444.0,41.0,0,21.0,83.95
11,0.224,9,617.0,225.0,28.0,1,14.0,56.75
10,0.426,18,1020.0,448.0,54.0,1,4.0,52.74
5,0.306,5,319.0,185.0,33.0,1,12.0,43.33
7,0.53,6,276.0,172.0,45.0,1,8.0,41.53
12,0.103,1,139.0,116.0,37.0,1,17.0,46.04
5,0.59,1,133.0,17.0,27.0,0,15.0,259.15
10,0.828,7,428.0,264.0,41.0,0,18.0,78.45
10,0.208,3,136.0,84.0,9.0,0,14.0,52.92
12,0.29,4,110.0,85.0,69.0,1,0.0,17.12
15,0.583,5,,155.0,37.0,1,7.0,43.97
15,0.161,15,897.0,490.0,67.0,1,6.0,64.0
15,0.75,4,285.0,101.0,54.0,0,18.0,68.65
5,0.289,14,796.0,364.0,0.0,1,27.0,95.23
13,0.236,5,212.0,313.0,56.0,1,6.0,40.57
14,0.125,1,63.0,43.0,1.0,0,15.0,58.38
12,0.374,8,396.0,220.0,9.0,1,18.0,69.15
6,0.521,12,599.0,461.0,32.0,0,20.0,77.8
4,0.178,4,190.0,159.0,60.0,1,13.0,36.1
3,0.134,4,245.0,5.0,47.0,0,7.0,34.1
15,0.268,9,706.0,305.0,32.0,0,31.0,96.85
3,0.518,1,90.0,5.0,69.0,0,10.0,33.62
11,0.28,9,464.0,318.0,45.0,0,13.0,62.93
3,0.276,5,274.0,,34.0,1,16.0,43.74
10,0.548,10,610.0,,26.0,1,17.0,61.98
13,0.103,8,579.0,448.0,30.0,1,14.0,63.0
13,0.453,12,726.0,396.0,53.0,0,10.0,84.03
8,0.6,15,956.0,406.0,0.0,0,22.0,94.39
7,0.387,4,214.0,175.0,35.0,1,8.0,39.82
11,0.253,10,513.0,479.0,59.0,1,13.0,56.1
8,0.24,4,218.0,234.0,58.0,0,20.0,61.45
6,0.562,1,20.0,5.0,69.0,1,9.0,26.27
12,0.449,2,92.0,170.0,37.0,0,13.0,48.93
11,0.682,10,586.0,250.0,54.0,0,12.0,60.42
4,0.311,11,608.0,400.0,56.0,1,6.0,47.47
5,0.335,8,448.0,187.0,44.0,1,20.0,66.18
7,0.379,6,463.0,173.0,27.0,1,12.0,48.04
14,0.463,1,20.0,162.0,80.0,1,0.0,13.66
6,0.364,1,109.0,147.0,9.0,0,23.0,66.51
7,0.423,1,20.0,5.0,11.0,0,15.0,48.83
10,0.3,12,724.0,191.0,9.0,0,17.0,81.23
9,0.627,12,585.0,374.0,35.0,0,25.0,90.44
4,0.274,1,,95.0,48.0,1,2.0,15.16
5,0.123,4,262.0,35.0,38.0,0,21.0,57.84
12,0.328,16,817.0,309.0,36.0,0,17.0,81.26
15,0.477,7,392.0,264.0,35.0,1,9.0,48.7
15,0.444,6,253.0,249.0,39.0,1,10.0,46.93
7,0.47,9,498.0,224.0,0.0,0,25.0,91.5
14,0.657,1,182.0,32.0,64.0,1,9.0,30.37
15,0.605,4,179.0,297.0,0.0,0,25.0,89.41
10,0.549,1,20.0,182.0,,1,0.0,12.68
5,0.759,4,120.0,353.0,0.0,0,18.0,71.09
5,0.562,3,124.0,160.0,65.0,0,7.0,42.68
8,0.059,1,109.0,5.0,53.0,1,10.0,25.13
7,0.725,10,645.0,245.0,0.0,0,29.0,97.49
14,0.178,11,612.0,480.0,40.0,0,17.0,78.0
3,0.47,8,456.0,152.0,67.0,1,7.0,40.88
3,0.451,15,809.0,496.0,22.0,0,25.0,93.95
14,0.398,1,72.0,187.0,92.0,1,4.0,26.57
8,0.299,1,104.0,23.0,29.0,0,16.0,61.03
13,0.244,2,130.0,172.0,14.0,1,13.0,52.12
3,0.644,1,28.0,5.0,0.0,0,22.0,63.75
6,0.273,7,491.0,209.0,38.0,1,6.0,35.28
13,0.501,4,246.0,296.0,1.0,0,20.0,80.1
12,0.887,1,20.0,123.0,17.0,0,5.0,46.59
13,0.746,16,853.0,,1.0,0,33.0,116.23
15,0.489,1,20.0,18.0,45.0,0,1.0,34.69
6,0.429,1,20.0,95.0,39.0,0,21.0,58.92
12,0.317,15,1021.0,416.0,0.0,0,38.0,125.88
9,0.131,1,20.0,149.0,42.0,1,7.0,39.9
10,0.291,1,20.0,48.0,52.0,1,16.0,40.33
14,0.232,1,,93.0,8.0,0,15.0,55.85
13,0.425,7,462.0,258.0,0.0,0,31.0,99.28
6,0.221,13,882.0,329.0,40.0,0,21.0,82.14
15,0.412,4,137.0,161.0,68.0,1,2.0,32.99
3,0.336,8,531.0,149.0,73.0,1,10.0,38.73
9,0.463,11,637.0,397.0,39.0,0,15.0,69.03
7,0.585,8,510.0,218.0,7.0,0,26.0,90.24
7,0.579,1,,29.0,25.0,1,8.0,31.52
7,0.343,3,241.0,138.0,47.0,1,8.0,31.83
3,0.07,1,93.0,21.0,83.0,1,2.0,14.57
6,0.379,7,370.0,265.0,35.0,1,10.0,44.16
15,0.172,1,187.0,12.0,35.0,0,21.0,61.92
12,0.496,1,39.0,5.0,59.0,0,2.0,23.2
5,0.244,6,374.0,126.0,31.0,1,14.0,60.24
3,0.725,7,376.0,362.0,0.0,0,32.0,110.82
13,0.626,1,20.0,86.0,19.0,0,6.0,41.81
4,0.205,6,307.0,172.0,28.0,1,15.0,49.01
5,0.288,2,28.0,62.0,15.0,0,21.0,59.96
11,0.258,1,20.0,18.0,34.0,1,17.0,40.08
6,0.188,9,598.0,182.0,19.0,0,18.0,71.25
14,0.622,11,612.0,307.0,6.0,1,18.0,76.59
14,0.459,17,856.0,438.0,48.0,1,18.0,81.49
5,0.737,5,271.0,138.0,84.0,1,0.0,16.49
6,0.613,4,368.0,60.0,77.0,1,0.0,40.48
8,0.139,10,603.0,254.0,33.0,1,17.0,68.54
6,,8,494.0,,55.0,1,0.0,26.57
12,0.289,16,924.0,378.0,56.0,0,22.0,83.8
10,0.345,1,20.0,5.0,46.0,1,0.0,13.61
7,0.439,19,1041.0,457.0,38.0,0,21.0,89.22
14,0.343,7,438.0,224.0,41.0,0,23.0,80.3
8,0.777,4,108.0,35.0,89.0,1,0.0,12.92
7,0.135,1,20.0,5.0,68.0,1,4.0,18.54
9,0.243,3,273.0,97.0,43.0,0,19.0,63.76
9,0.215,15,722.0,384.0,50.0,1,8.0,61.03
4,0.004,1,84.0,141.0,18.0,0,20.0,56.02
5,0.167,18,852.0,337.0,87.0,1,16.0,57.5
3,0.141,4,252.0,140.0,39.0,0,7.0,45.78
5,0.05,4,436.0,207.0,14.0,0,23.0,67.28
11,0.055,7,420.0,245.0,42.0,1,11.0,52.79
4,0.599,9,480.0,344.0,27.0,0,24.0,81.13
6,0.414,8,417.0,281.0,40.0,0,16.0,67.62
3,0.11,10,547.0,371.0,13.0,0,20.0,75.67
5,0.307,6,464.0,169.0,23.0,0,12.0,52.43
12,0.355,4,206.0,92.0,83.0,1,0.0,23.0
12,0.378,1,137.0,96.0,29.0,1,0.0,19.36
3,0.257,10,485.0,245.0,13.0,0,23.0,85.12
12,0.775,7,419.0,171.0,0.0,0,31.0,97.59
15,0.354,1,20.0,184.0,56.0,0,8.0,42.95
5,0.526,1,259.0,57.0,41.0,1,6.0,28.1
3,,5,382.0,359.0,65.0,1,0.0,21.02
9,0.566,6,477.0,254.0,41.0,1,8.0,41.4
14,0.272,2,195.0,,37.0,0,14.0,65.74
13,0.394,1,20.0,235.0,0.0,1,18.0,56.01
12,0.218,1,20.0,5.0,66.0,1,0.0,11.35
12,0.338,10,549.0,292.0,39.0,0,10.0,61.08
15,0.598,6,234.0,165.0,22.0,1,9.0,51.22
8,0.187,9,428.0,196.0,60.0,1,5.0,35.67
14,0.616,7,429.0,262.0,2.0,1,12.0,60.78
3,0.464,4,74.0,219.0,21.0,0,16.0,56.94
12,0.437,7,476.0,163.0,20.0,0,13.0,69.71
7,0.503,2,20.0,54.0,54.0,0,11.0,43.02
11,0.06,8,432.0,301.0,26.0,0,24.0,80.19
13,0.291,8,295.0,197.0,64.0,1,0.0,23.69
15,0.509,7,394.0,205.0,63.0,1,5.0,40.19
15,0.358,10,547.0,391.0,7.0,0,17.0,80.26
8,0.447,2,231.0,85.0,17.0,0,19.0,64.01
8,0.814,2,315.0,94.0,,1,14.0,53.52
15,0.381,1,20.0,199.0,45.0,0,8.0,41.72
5,,7,301.0,331.0,13.0,1,16.0,61.33
15,0.473,1,202.0,,54.0,1,5.0,37.78
12,0.171,7,347.0,285.0,92.0,1,8.0,50.1
9,0.321,12,784.0,367.0,69.0,1,2.0,40.47
13,0.592,12,746.0,295.0,46.0,1,13.0,62.3
9,0.316,5,458.0,25.0,64.0,0,11.0,202.1
5,0.349,12,739.0,247.0,30.0,1,12.0,55.16
9,0.479,1,20.0,100.0,11.0,0,13.0,51.05
3,0.096,1,87.0,137.0,28.0,1,5.0,24.68
7,0.452,1,20.0,79.0,20.0,1,5.0,28.93
6,0.725,6,382.0,152.0,41.0,0,14.0,56.46
15,0.48,8,499.0,273.0,24.0,1,13.0,57.48
9,0.473,6,390.0,163.0,10.0,0,12.0,69.4
7,0.178,11,550.0,197.0,31.0,1,16.0,59.62
15,0.23,9,396.0,317.0,37.0,0,23.0,76.98
13,0.447,10,609.0,322.0,28.0,0,20.0,82.11
10,0.192,5,371.0,162.0,38.0,1,10.0,39.65
15,0.474,3,400.0,141.0,,1,0.0,17.42
3,0.024,13,791.0,249.0,55.0,1,9.0,42.48
8,0.384,6,416.0,299.0,74.0,0,6.0,45.9
10,0.153,5,286.0,242.0,16.0,0,23.0,70.42
7,0.581,5,298.0,205.0,,0,12.0,53.46
14,0.263,11,735.0,325.0,36.0,0,15.0,77.07
15,0.129,1,74.0,168.0,45.0,0,10.0,44.22
4,0.167,11,731.0,319.0,7.0,0,35.0,110.9
15,0.508,1,20.0,106.0,93.0,1,0.0,16.36
9,0.705,1,20.0,120.0,,0,22.0,75.22
6,0.491,1,303.0,172.0,0.0,0,23.0,70.16
3,0.436,13,758.0,462.0,,0,30.0,100.6
14,0.693,8,325.0,218.0,71.0,1,0.0,34.6
3,0.375,10,546.0,221.0,32.0,0,17.0,64.99
7,0.54,11,582.0,388.0,16.0,0,28.0,94.84
15,0.699,14,909.0,549.0,70.0,1,18.0,73.22
7,0.486,12,442.0,315.0,121.0,1,0.0,18.49
3,,18,963.0,580.0,,0,31.0,108.22
14,0.474,6,,195.0,34.0,0,20.0,68.88
3,0.083,9,474.0,249.0,43.0,1,22.0,61.76
13,0.31,6,438.0,273.0,36.0,1,10.0,46.49
12,0.445,11,463.0,306.0,,0,10.0,59.67
7,0.311,7,440.0,282.0,61.0,0,14.0,62.18
11,0.779,1,20.0,5.0,43.0,0,10.0,41.29
14,0.556,14,864.0,439.0,31.0,0,20.0,90.1
14,0.633,1,128.0,42.0,41.0,0,10.0,43.51
4,0.26,6,371.0,76.0,10.0,0,19.0,68.61
4,0.272,1,20.0,5.0,14.0,0,19.0,53.53
7,0.467,7,169.0,269.0,32.0,0,23.0,73.46
13,0.224,1,55.0,105.0,28.0,1,6.0,30.66
7,0.497,10,,215.0,26.0,1,15.0,58.96
11,0.473,16,1086.0,372.0,31.0,0,20.0,92.46
13,0.383,11,685.0,468.0,71.0,1,15.0,66.39
3,0.314,14,963.0,232.0,0.0,0,40.0,115.66
10,0.477,5,,298.0,49.0,1,7.0,40.3
7,0.601,4,233.0,60.0,15.0,1,12.0,44.27
12,0.507,11,696.0,354.0,3.0,0,17.0,91.25
15,0.25,1,20.0,89.0,34.0,0,14.0,51.93
14,,3,119.0,130.0,43.0,1,6.0,36.28
14,0.626,8,558.0,285.0,26.0,0,21.0,81.26
8,0.016,5,275.0,191.0,26.0,0,21.0,66.47
7,0.182,5,456.0,124.0,46.0,0,22.0,65.07
3,0.47,11,589.0,269.0,49.0,0,7.0,50.08
9,0.591,18,1074.0,509.0,54.0,0,23.0,95.73
9,0.47,5,185.0,157.0,59.0,1,9.0,36.37
15,0.184,9,446.0,385.0,50.0,0,16.0,63.52
14,0.479,7,408.0,358.0,37.0,1,10.0,53.92
8,0.561,1,106.0,117.0,20.0,1,20.0,64.6
5,0.202,4,209.0,211.0,37.0,0,17.0,54.71
7,0.229,15,832.0,399.0,9.0,0,25.0,96.77
14,0.26,4,166.0,187.0,59.0,1,1.0,24.8
7,0.099,4,190.0,86.0,28.0,0,13.0,50.9
8,0.308,14,810.0,362.0,0.0,0,34.0,116.01
13,0.031,7,549.0,378.0,71.0,1,0.0,23.04
15,0.199,4,323.0,355.0,30.0,0,18.0,74.06
4,0.141,3,289.0,214.0,25.0,0,20.0,62.56
12,0.32,14,947.0,468.0,122.0,1,4.0,40.54
3,0.381,10,557.0,324.0,0.0,0,38.0,110.94
4,0.431,5,313.0,205.0,5.0,0,20.0,73.76
4,0.459,7,225.0,171.0,33.0,0,16.0,70.43
14,0.238,5,264.0,137.0,116.0,1,6.0,46.03
9,0.78,1,20.0,55.0,23.0,1,14.0,54.15
14,0.531,2,20.0,50.0,53.0,1,0.0,28.02
10,0.445,8,547.0,207.0,30.0,0,15.0,62.39
12,0.333,9,518.0,,0.0,0,30.0,96.5
9,0.214,7,495.0,317.0,69.0,1,0.0,27.0
12,0.363,14,771.0,534.0,0.0,0,29.0,109.05
11,0.318,4,211.0,259.0,0.0,0,31.0,88.91
5,0.133,8,281.0,279.0,6.0,0,18.0,64.89
12,0.362,4,371.0,134.0,49.0,1,15.0,46.16
12,0.453,2,122.0,96.0,60.0,0,17.0,49.47
3,0.396,5,321.0,68.0,48.0,0,9.0,46.99
5,,12,694.0,,0.0,0,23.0,94.0
8,0.512,1,62.0,5.0,19.0,0,15.0,49.4
10,0.927,2,29.0,54.0,0.0,0,23.0,74.59
3,0.371,2,158.0,139.0,64.0,0,3.0,30.28
7,0.503,2,20.0,54.0,54.0,0,11.0,43.02
8,0.119,1,294.0,27.0,60.0,1,14.0,45.88
12,0.162,6,375.0,245.0,68.0,1,9.0,37.35
